{
  "beginner": {
    "precision": 0.9875,
    "recall": 0.9875,
    "f1-score": 0.9875,
    "support": 80.0
  },
  "intermediate": {
    "precision": 0.987012987012987,
    "recall": 0.95,
    "f1-score": 0.9681528662420382,
    "support": 80.0
  },
  "advanced": {
    "precision": 0.963855421686747,
    "recall": 1.0,
    "f1-score": 0.9815950920245399,
    "support": 80.0
  },
  "accuracy": 0.9791666666666666,
  "macro avg": {
    "precision": 0.9794561362332447,
    "recall": 0.9791666666666666,
    "f1-score": 0.9790826527555261,
    "support": 240.0
  },
  "weighted avg": {
    "precision": 0.9794561362332447,
    "recall": 0.9791666666666666,
    "f1-score": 0.9790826527555261,
    "support": 240.0
  }
}